http://www.johnson-county.com/search_page.aspx,Search Page,,
http://www.johnson-county.com/Default.aspx,Johnson County Iowa,,
http://www.johnson-county.com/dept_blank.aspx?id=9635,Johnson County Web Site Page,,
http://www.johnson-county.com/dept_jobs.aspx?id=7948,Johnson County Iowa,,
http://www.johnson-county.com/dept_recorder.aspx?id=1169,Recorders Page,,
http://www.johnson-county.com/dept_zoning.aspx?id=4859,PDS Page,,
http://www.johnson-county.com/dept_emergency.aspx?id=889,Emergency Management Page,,
http://www.johnson-county.com/dept_supervisors.aspx?id=12887,Board of Supervisors Page,,
http://www.johnson-county.com/dept_jc_assessor.aspx?id=9241,Johnson County Assessor Page,,
http://www.johnson-county.com/dept_recorder.aspx?id=1167,Recorders Page,,
http://www.johnson-county.com/dept_jc_assessor.aspx?id=2629,Johnson County Assessor Page,,
http://www.johnson-county.com/dept_health.aspx?id=6071,Public Health Page,,
http://www.johnson-county.com/dept_health.aspx?id=6157,Public Health Page,,
http://www.johnson-county.com/dept_recorder.aspx?id=1207,Recorders Page,,
http://www.johnson-county.com/dept_recorder.aspx?id=1215,Recorders Page,,
http://www.johnson-county.com/dept_forms.aspx,Forms Page,,<h2>Forms &amp; Applications</h2>
http://www.johnson-county.com/auditor/voter/voter.htm,,,
http://www.johnson-county.com/dept_zoning.aspx?id=5121,PDS Page,,
http://www.johnson-county.com/dept_blank.aspx?id=9122,Johnson County Web Site Page,,
http://www.johnson-county.com/dept_blank.aspx?id=7675,Johnson County Web Site Page,,
http://www.johnson-county.com/dept_supervisors.aspx?id=2125,Board of Supervisors Page,,
http://www.johnson-county.com/dept_conservation.aspx?id=3943,Conservation Page,,
http://www.johnson-county.com/WorkArea/DownloadAsset.aspx?id=17718,,,
http://www.johnson-county.com/dept_gis.aspx?id=8474,GIS Page,,
http://www.johnson-county.com/site_calendar.aspx,Johnson County Iowa,,"<h2>
					May, 2016
				</h2>"
http://www.johnson-county.com/dept_sec_roads.aspx?id=1469,Secondary Roads Page,,"<h2><img align=""left"" alt=""Road Paving"" border=""0"" src=""/uploadedImages/Images/Secondary_Roads/img_road_construction.png"" title=""Road Paving""/><br/><br/>      Road Construction Future Plans</h2>"
http://www.johnson-county.com/dept_sec_roads.aspx?id=1467,Secondary Roads Page,,
http://www.johnson-county.com/dept_blank.aspx?id=5147,Johnson County Web Site Page,,
http://www.johnson-county.com/dept_blank.aspx?id=7039,Johnson County Web Site Page,,
http://www.johnson-county.com/dept_public_records.aspx?id=11319,Public Records,,
http://www.johnson-county.com/dept_blank.aspx?id=9121,Johnson County Web Site Page,,
http://www.johnson-county.com/dept_ambulance.aspx?id=1955,Ambulance Page,,
http://www.johnson-county.com/dept_attorney.aspx?id=8194,County Attorney Page,,
http://www.johnson-county.com/dept_auditor.aspx?id=12195,Auditor's Page,,
http://www.johnson-county.com/dept_supervisors.aspx?id=2011,Board of Supervisors Page,,
http://www.johnson-county.com/dept_emergency_home.aspx?id=737,Emergency Management Home Page,,
http://www.johnson-county.com/dept_finance.aspx?id=15280,Finance Dept Page,,
http://www.johnson-county.com/dept_gis.aspx?id=985,GIS Page,,
http://www.johnson-county.com/dept_hr.aspx?id=1797,Human Resources Page,,
http://www.johnson-county.com/dept_it.aspx?id=47,Information Technology Page,,
http://www.johnson-county.com/dept_ic_assessor.aspx?id=1095,Iowa City Assessor Page,,
http://www.johnson-county.com/dept_medical.aspx?id=10642,Medical Examiner Page,,
http://www.johnson-county.com/dept_mhds.aspx?id=425,Mental Health and Disability Services Page,,
http://www.johnson-county.com/dept_treasurer.aspx?id=923,Treasurer Page,,
http://www.johnson-county.com/dept_physical.aspx?id=1063,Physical Plant Page,,
http://www.johnson-county.com/dept_zoning.aspx?id=4811,PDS Page,,
http://www.johnson-county.com/dept_health.aspx?id=4485,Public Health Page,,
http://www.johnson-county.com/dept_recorder.aspx?id=1155,Recorders Page,,
http://www.johnson-county.com/dept_seats.aspx?id=581,SEATS Page,,
http://www.johnson-county.com/dept_sec_roads.aspx?id=1371,Secondary Roads Page,,
http://www.johnson-county.com/dept_sheriff.aspx?id=2287,Sheriff Page,,
http://www.johnson-county.com/dept_soc_ser.aspx?id=247,Social Services,,
http://www.johnson-county.com/dept_vets.aspx?id=115,Veteran Affairs,,
http://www.johnson-county.com/dept_blank.aspx?id=2075,Johnson County Web Site Page,"<h1 align=""center"">Boards and Commissions</h1>",
http://www.johnson-county.com/search_boh_page.aspx,Search Board Of Health Agendas and Minutes Page,,
http://www.johnson-county.com/search_bos_page.aspx?id=8027,Johnson County Iowa,,
http://www.johnson-county.com/search_pz_page.aspx,Search Planning and Zoning Agendas and Minutes Page,,
http://www.johnson-county.com/search_cb_page.aspx,Search Conservation Board Agendas and Minutes Page,,
http://www.johnson-county.com/search_em_page.aspx,Search Emergency Management Commission Agendas and Minutes Page,,
http://www.johnson-county.com/search_lcsa_page.aspx,Search Livable Community for Successful Aging Agendas and Minutes Page,,
http://www.johnson-county.com/search_mhds_page.aspx,Search MH/DS Agendas and Minutes  Page,,
http://www.johnson-county.com/dept_community_id.aspx?id=18367,Community ID,,
http://www.johnson-county.com/dept_gis.aspx?id=18383,GIS Page,"<h1 align=""left""><img align=""left"" alt=""GIS on a Tablet"" height=""140"" src=""/uploadedimages/Images/GIS/gis_tablet.png?n=3590"" title=""GIS on a Tablet"" width=""212""/><br/>  GIS Map Viewers</h1>",
http://www.johnson-county.com/dept_recorder.aspx?id=1159,Recorders Page,,
http://www.johnson-county.com/WorkArea/DownloadAsset.aspx?id=20199,,,
http://www.johnson-county.com/WorkArea/DownloadAsset.aspx?id=20093,,,
http://www.johnson-county.com/WorkArea/DownloadAsset.aspx?id=20102,,,
http://www.johnson-county.com/WorkArea/DownloadAsset.aspx?id=19948,,,
http://www.johnson-county.com/WorkArea/DownloadAsset.aspx?id=19779,,,
http://www.johnson-county.com/WorkArea/DownloadAsset.aspx?id=19687,,,
http://www.johnson-county.com/WorkArea/DownloadAsset.aspx?id=19704,,,
http://www.johnson-county.com/WorkArea/DownloadAsset.aspx?id=19056,,,
http://www.johnson-county.com/WorkArea/DownloadAsset.aspx?id=18526,,,
http://www.johnson-county.com/WorkArea/DownloadAsset.aspx?id=20111,,,
http://www.johnson-county.com/WorkArea/DownloadAsset.aspx?id=19824,,,
http://www.johnson-county.com/WorkArea/DownloadAsset.aspx?id=19825,,,
http://www.johnson-county.com/WorkArea/DownloadAsset.aspx?id=19826,,,
http://www.johnson-county.com/WorkArea/DownloadAsset.aspx?id=19908,,,
http://www.johnson-county.com/WorkArea/DownloadAsset.aspx?id=19827,,,
http://www.johnson-county.com/WorkArea/DownloadAsset.aspx?id=19828,,,
http://www.johnson-county.com/WorkArea/DownloadAsset.aspx?id=19829,,,
http://www.johnson-county.com/dept_supervisors.aspx?id=18549,Board of Supervisors Page,,"<h2><img align=""middle"" alt=""Minimum Wage"" height=""129"" src=""/uploadedimages/Images/Site/minimum wage.png?n=8897"" title=""Minimum Wage"" width=""175""/> Minimum Wage In Johnson County</h2>"
http://www.johnson-county.com/dept_blank.aspx?id=6535,Johnson County Web Site Page,,
http://www.johnson-county.com/dept_blank.aspx?id=4757,Johnson County Web Site Page,,
http://www.johnson-county.com/dept_contracts.aspx?id=7675,"Bids, Proposals, Contracts, RFPs and RFQs",,
http://www.johnson-county.com/dept_blank.aspx?id=4749,Johnson County Web Site Page,,
http://www.johnson-county.com/dept_blank.aspx?id=7679,Johnson County Web Site Page,,
http://www.johnson-county.com/dept_about.aspx?id=5725,About Johnson County,,"<h2 style=""text-align: center;"">About Johnson County</h2>"
http://www.johnson-county.com/email_register.aspx,E-mail Notification Registration Sign Up Page,,
http://www.johnson-county.com/WorkArea/DownloadAsset.aspx?id=7004,,,
http://www.johnson-county.com/dept_blank.aspx?id=4751,Johnson County Web Site Page,,
http://www.johnson-county.com/dept_blank.aspx?id=10691,Johnson County Web Site Page,,
http://www.johnson-county.com/survey_side.aspx?id=10491,Johnson County Iowa,,
http://www.johnson-county.com/dept_zoning_boa_agendas.aspx,PDS - Board of Adjustments Agendas &amp; Minutes Page,,<h2>Board of Adjustment<br/>Minutes &amp; Agendas</h2>
http://www.johnson-county.com/dept_supervisors.aspx?id=2075,Board of Supervisors Page,"<h1 align=""center"">Boards and Commissions</h1>",
http://www.johnson-county.com/WorkArea/DownloadAsset.aspx?id=2123,,,
http://www.johnson-county.com/dept_hr.aspx?id=1841,Human Resources Page,,
http://www.johnson-county.com/WorkArea/DownloadAsset.aspx?id=1183,,,
http://www.johnson-county.com/WorkArea/DownloadAsset.aspx?id=1189,,,
